"","Package","LibPath","Version","Priority","Depends","Imports","LinkingTo","Suggests","Enhances","License","License_is_FOSS","License_restricts_use","OS_type","MD5sum","NeedsCompilation","Built","source"
"1","askpass","/Library/Frameworks/R.framework/Versions/4.2/Resources/library","1.1",NA,NA,"sys (>= 2.1)",NA,"testthat",NA,"MIT + file LICENSE",NA,NA,NA,NA,"yes","4.2.0","CRAN"
"2","backports","/Library/Frameworks/R.framework/Versions/4.2/Resources/library","1.4.1",NA,"R (>= 3.0.0)",NA,NA,NA,NA,"GPL-2 | GPL-3",NA,NA,NA,NA,"yes","4.2.0","CRAN"
"3","base","/Library/Frameworks/R.framework/Versions/4.2/Resources/library","4.2.2","base",NA,NA,NA,"methods",NA,"Part of R 4.2.2",NA,NA,NA,NA,NA,"4.2.2","R Core Team and contributors worldwide"
"4","base64enc","/Library/Frameworks/R.framework/Versions/4.2/Resources/library","0.1-3",NA,"R (>= 2.9.0)",NA,NA,NA,"png","GPL-2 | GPL-3",NA,NA,NA,NA,"yes","4.2.0","CRAN"
"5","bigD","/Library/Frameworks/R.framework/Versions/4.2/Resources/library","0.2.0",NA,"R (>= 3.2.0)",NA,NA,"covr, testthat (>= 3.0.0)",NA,"MIT + file LICENSE",NA,NA,NA,NA,"no","4.2.0","CRAN"
"6","bit","/Library/Frameworks/R.framework/Versions/4.2/Resources/library","4.0.5",NA,"R (>= 2.9.2)",NA,NA,"testthat (>= 0.11.0), roxygen2, knitr, rmarkdown,
microbenchmark, bit64 (>= 4.0.0), ff (>= 4.0.0)",NA,"GPL-2 | GPL-3",NA,NA,NA,NA,"yes","4.2.0","CRAN"
"7","bit64","/Library/Frameworks/R.framework/Versions/4.2/Resources/library","4.0.5",NA,"R (>= 3.0.1), bit (>= 4.0.0), utils, methods, stats",NA,NA,NA,NA,"GPL-2 | GPL-3",NA,NA,NA,NA,"yes","4.2.0","CRAN"
"8","bitops","/Library/Frameworks/R.framework/Versions/4.2/Resources/library","1.0-7",NA,NA,NA,NA,NA,NA,"GPL (>= 2)",NA,NA,NA,NA,"yes","4.2.0","CRAN"
"9","blob","/Library/Frameworks/R.framework/Versions/4.2/Resources/library","1.2.4",NA,NA,"methods, rlang, vctrs (>= 0.2.1)",NA,"covr, crayon, pillar (>= 1.2.1), testthat",NA,"MIT + file LICENSE",NA,NA,NA,NA,"no","4.2.0","CRAN"
"10","boot","/Library/Frameworks/R.framework/Versions/4.2/Resources/library","1.3-28","recommended","R (>= 3.0.0), graphics, stats",NA,NA,"MASS, survival",NA,"Unlimited",NA,NA,NA,NA,"no","4.2.2","CRAN"
"11","brew","/Library/Frameworks/R.framework/Versions/4.2/Resources/library","1.0-8",NA,NA,NA,NA,"testthat (>= 3.0.0)",NA,"GPL-2",NA,NA,NA,NA,"no","4.2.0","CRAN"
"12","broom","/Library/Frameworks/R.framework/Versions/4.2/Resources/library","1.0.4",NA,"R (>= 3.5)","backports, dplyr (>= 1.0.0), ellipsis, generics (>= 0.0.2),
glue, lifecycle, purrr, rlang, stringr, tibble (>= 3.0.0),
tidyr (>= 1.0.0)",NA,"AER, AUC, bbmle, betareg, biglm, binGroup, boot, btergm (>=
1.10.6), car, carData, caret, cluster, cmprsk, coda, covr, drc,
e1071, emmeans, epiR, ergm (>= 3.10.4), fixest (>= 0.9.0), gam
(>= 1.15), gee, geepack, ggplot2, glmnet, glmnetUtils, gmm,
Hmisc, irlba, interp, joineRML, Kendall, knitr, ks, Lahman,
lavaan, leaps, lfe, lm.beta, lme4, lmodel2, lmtest (>= 0.9.38),
lsmeans, maps, maptools, margins, MASS, mclust, mediation,
metafor, mfx, mgcv, mlogit, modeldata, modeltests, muhaz,
multcomp, network, nnet, orcutt (>= 2.2), ordinal, plm, poLCA,
psych, quantreg, rgeos, rmarkdown, robust, robustbase, rsample,
sandwich, sp, spdep (>= 1.1), spatialreg, speedglm, spelling,
survey, survival, systemfit, testthat (>= 2.1.0), tseries,
vars, zoo",NA,"MIT + file LICENSE",NA,NA,NA,NA,"no","4.2.0","CRAN"
"13","bslib","/Library/Frameworks/R.framework/Versions/4.2/Resources/library","0.4.2",NA,"R (>= 2.10)","grDevices, htmltools (>= 0.5.4), jsonlite, sass (>= 0.4.0),
jquerylib (>= 0.1.3), rlang, cachem, memoise (>= 2.0.1),
base64enc, mime",NA,"shiny (>= 1.6.0), rmarkdown (>= 2.7), thematic, knitr,
testthat, withr, rappdirs, curl, magrittr, fontawesome, bsicons",NA,"MIT + file LICENSE",NA,NA,NA,NA,"no","4.2.0","CRAN"
"14","cachem","/Library/Frameworks/R.framework/Versions/4.2/Resources/library","1.0.7",NA,NA,"rlang, fastmap",NA,"testthat",NA,"MIT + file LICENSE",NA,NA,NA,NA,"yes","4.2.0","CRAN"
"15","callr","/Library/Frameworks/R.framework/Versions/4.2/Resources/library","3.7.3",NA,"R (>= 3.4)","processx (>= 3.6.1), R6, utils",NA,"asciicast, cli (>= 1.1.0), covr, mockery, ps, rprojroot,
spelling, testthat (>= 3.0.0), withr (>= 2.3.0)",NA,"MIT + file LICENSE",NA,NA,NA,NA,"no","4.2.0","CRAN"
"16","cellranger","/Library/Frameworks/R.framework/Versions/4.2/Resources/library","1.1.0",NA,"R (>= 3.0.0)","rematch, tibble",NA,"covr, testthat (>= 1.0.0), knitr, rmarkdown",NA,"MIT + file LICENSE",NA,NA,NA,NA,"no","4.2.0","CRAN"
"17","checkmate","/Library/Frameworks/R.framework/Versions/4.2/Resources/library","2.1.0",NA,"R (>= 3.0.0)","backports (>= 1.1.0), utils",NA,"R6, fastmatch, data.table (>= 1.9.8), devtools, ggplot2,
knitr, magrittr, microbenchmark, rmarkdown, testthat (>=
3.0.4), tinytest (>= 1.1.0), tibble",NA,"BSD_3_clause + file LICENSE",NA,NA,NA,NA,"yes","4.2.0","CRAN"
"18","chron","/Library/Frameworks/R.framework/Versions/4.2/Resources/library","2.3-60",NA,"R (>= 2.12.0)","graphics, stats",NA,"scales, ggplot2","zoo","GPL-2",NA,NA,NA,NA,"yes","4.2.0","CRAN"
"19","class","/Library/Frameworks/R.framework/Versions/4.2/Resources/library","7.3-20","recommended","R (>= 3.0.0), stats, utils","MASS",NA,NA,NA,"GPL-2 | GPL-3",NA,NA,NA,NA,"yes","4.2.2","CRAN"
"20","cli","/Library/Frameworks/R.framework/Versions/4.2/Resources/library","3.6.0",NA,"R (>= 3.4)","utils",NA,"callr, covr, crayon, digest, glue (>= 1.6.0), grDevices,
htmltools, htmlwidgets, knitr, methods, mockery, processx, ps
(>= 1.3.4.9000), rlang (>= 1.0.2.9003), rmarkdown, rprojroot,
rstudioapi, testthat, tibble, whoami, withr",NA,"MIT + file LICENSE",NA,NA,NA,NA,"yes","4.2.0","CRAN"
"21","clipr","/Library/Frameworks/R.framework/Versions/4.2/Resources/library","0.8.0",NA,NA,"utils",NA,"covr, knitr, rmarkdown, rstudioapi (>= 0.5), testthat (>=
2.0.0)",NA,"GPL-3",NA,NA,NA,NA,"no","4.2.0","CRAN"
"22","clisymbols","/Library/Frameworks/R.framework/Versions/4.2/Resources/library","1.2.0",NA,NA,NA,NA,"testthat",NA,"MIT + file LICENSE",NA,NA,NA,NA,"no","4.2.0","CRAN"
"23","cluster","/Library/Frameworks/R.framework/Versions/4.2/Resources/library","2.1.4","recommended","R (>= 3.5.0)","graphics, grDevices, stats, utils",NA,"MASS, Matrix",NA,"GPL (>= 2)",NA,NA,NA,NA,"yes","4.2.2","CRAN"
"24","codetools","/Library/Frameworks/R.framework/Versions/4.2/Resources/library","0.2-18","recommended","R (>= 2.1)",NA,NA,NA,NA,"GPL",NA,NA,NA,NA,"no","4.2.2","CRAN"
"25","collections","/Library/Frameworks/R.framework/Versions/4.2/Resources/library","0.3.7",NA,NA,NA,NA,"testthat (>= 2.3.1)",NA,"MIT + file LICENSE",NA,NA,NA,NA,"yes","4.2.0","CRAN"
"26","colorspace","/Library/Frameworks/R.framework/Versions/4.2/Resources/library","2.1-0",NA,"R (>= 3.0.0), methods","graphics, grDevices, stats",NA,"datasets, utils, KernSmooth, MASS, kernlab, mvtnorm, vcd,
tcltk, shiny, shinyjs, ggplot2, dplyr, scales, grid, png, jpeg,
knitr, rmarkdown, RColorBrewer, rcartocolor, scico, viridis,
wesanderson",NA,"BSD_3_clause + file LICENSE",NA,NA,NA,NA,"yes","4.2.0","CRAN"
"27","commonmark","/Library/Frameworks/R.framework/Versions/4.2/Resources/library","1.8.1",NA,NA,NA,NA,"curl, testthat, xml2",NA,"BSD_2_clause + file LICENSE",NA,NA,NA,NA,"yes","4.2.0","CRAN"
"28","compiler","/Library/Frameworks/R.framework/Versions/4.2/Resources/library","4.2.2","base",NA,NA,NA,NA,NA,"Part of R 4.2.2",NA,NA,NA,NA,NA,"4.2.2","Luke Tierney <luke-tierney@uiowa.edu>"
"29","conflicted","/Library/Frameworks/R.framework/Versions/4.2/Resources/library","1.2.0",NA,"R (>= 3.2)","cli (>= 3.4.0), memoise, rlang (>= 1.0.0)",NA,"callr, covr, dplyr, Matrix, methods, pkgload, testthat (>=
3.0.0), withr",NA,"MIT + file LICENSE",NA,NA,NA,NA,"no","4.2.0","CRAN"
"30","cpp11","/Library/Frameworks/R.framework/Versions/4.2/Resources/library","0.4.3",NA,NA,NA,NA,"bench, brio, callr, cli, covr, decor, desc, ggplot2, glue,
knitr, lobstr, mockery, progress, rmarkdown, scales, Rcpp,
testthat, tibble, utils, vctrs, withr",NA,"MIT + file LICENSE",NA,NA,NA,NA,"no","4.2.0","CRAN"
"31","crayon","/Library/Frameworks/R.framework/Versions/4.2/Resources/library","1.5.2",NA,NA,"grDevices, methods, utils",NA,"mockery, rstudioapi, testthat, withr",NA,"MIT + file LICENSE",NA,NA,NA,NA,"no","4.2.0","CRAN"
"32","curl","/Library/Frameworks/R.framework/Versions/4.2/Resources/library","5.0.0",NA,"R (>= 3.0.0)",NA,NA,"spelling, testthat (>= 1.0.0), knitr, jsonlite, rmarkdown,
magrittr, httpuv (>= 1.4.4), webutils",NA,"MIT + file LICENSE",NA,NA,NA,NA,"yes","4.2.0","CRAN"
"33","cyclocomp","/Library/Frameworks/R.framework/Versions/4.2/Resources/library","1.1.0",NA,NA,"callr, crayon, desc, remotes, withr",NA,"testthat",NA,"MIT + file LICENSE",NA,NA,NA,NA,"no","4.2.0","CRAN"
"34","data.table","/Library/Frameworks/R.framework/Versions/4.2/Resources/library","1.14.8",NA,"R (>= 3.1.0)","methods",NA,"bit64 (>= 4.0.0), bit (>= 4.0.4), curl, R.utils, xts,
nanotime, zoo (>= 1.8-1), yaml, knitr, rmarkdown",NA,"MPL-2.0 | file LICENSE",NA,NA,NA,NA,"yes","4.2.0","CRAN"
"35","datasets","/Library/Frameworks/R.framework/Versions/4.2/Resources/library","4.2.2","base",NA,NA,NA,NA,NA,"Part of R 4.2.2",NA,NA,NA,NA,NA,"4.2.2","R Core Team and contributors worldwide"
"36","DBI","/Library/Frameworks/R.framework/Versions/4.2/Resources/library","1.1.3",NA,"methods, R (>= 3.0.0)",NA,NA,"blob, covr, DBItest, dbplyr, downlit, dplyr, glue, hms,
knitr, magrittr, RMariaDB, rmarkdown, rprojroot, RSQLite (>=
1.1-2), testthat, xml2",NA,"LGPL (>= 2.1)",NA,NA,NA,NA,"no","4.2.0","CRAN"
"37","dbplyr","/Library/Frameworks/R.framework/Versions/4.2/Resources/library","2.3.2",NA,"R (>= 3.1)","blob (>= 1.2.0), cli (>= 3.4.1), DBI (>= 1.0.0), dplyr (>=
1.1.0), glue (>= 1.2.0), lifecycle (>= 1.0.3), magrittr,
methods, pillar (>= 1.5.0), purrr (>= 1.0.1), R6 (>= 2.2.2),
rlang (>= 1.0.6), tibble (>= 1.4.2), tidyr (>= 1.3.0),
tidyselect (>= 1.2.0), utils, vctrs (>= 0.5.0), withr",NA,"bit64, covr, knitr, Lahman, nycflights13, odbc, RMariaDB (>=
1.0.2), rmarkdown, RPostgres (>= 1.1.3), RPostgreSQL, RSQLite
(>= 2.2.15), testthat (>= 3.0.2)",NA,"MIT + file LICENSE",NA,NA,NA,NA,"no","4.2.0","CRAN"
"38","desc","/Library/Frameworks/R.framework/Versions/4.2/Resources/library","1.4.2",NA,"R (>= 3.4)","cli, R6, rprojroot, utils",NA,"callr, covr, gh, spelling, testthat, whoami, withr",NA,"MIT + file LICENSE",NA,NA,NA,NA,"no","4.2.0","CRAN"
"39","digest","/Library/Frameworks/R.framework/Versions/4.2/Resources/library","0.6.31",NA,"R (>= 3.3.0)","utils",NA,"tinytest, simplermarkdown",NA,"GPL (>= 2)",NA,NA,NA,NA,"yes","4.2.0","CRAN"
"40","dmtools","/Library/Frameworks/R.framework/Versions/4.2/Resources/library","0.2.6",NA,"R (>= 3.6)","magrittr (>= 1.5), dplyr (>= 1.0.0), readxl (>= 1.3.1), purrr
(>= 0.3.3), lubridate (>= 1.7.4), httr (>= 1.4.1), tidyr (>=
1.1.0), tibble (>= 3.0.1), progress (>= 1.2.2)",NA,"testthat, knitr, rmarkdown",NA,"MIT + file LICENSE",NA,NA,NA,NA,"no","4.2.0","CRAN"
"41","dplyr","/Library/Frameworks/R.framework/Versions/4.2/Resources/library","1.1.1",NA,"R (>= 3.5.0)","cli (>= 3.4.0), generics, glue (>= 1.3.2), lifecycle (>=
1.0.3), magrittr (>= 1.5), methods, pillar (>= 1.5.1), R6,
rlang (>= 1.1.0), tibble (>= 3.2.0), tidyselect (>= 1.2.0),
utils, vctrs (>= 0.6.0)",NA,"bench, broom, callr, covr, DBI, dbplyr (>= 2.2.1), ggplot2,
knitr, Lahman, lobstr, microbenchmark, nycflights13, purrr,
rmarkdown, RMySQL, RPostgreSQL, RSQLite, stringi (>= 1.7.6),
testthat (>= 3.1.5), tidyr (>= 1.3.0), withr",NA,"MIT + file LICENSE",NA,NA,NA,NA,"yes","4.2.0","CRAN"
"42","dtplyr","/Library/Frameworks/R.framework/Versions/4.2/Resources/library","1.3.1",NA,"R (>= 3.3)","cli (>= 3.4.0), data.table (>= 1.13.0), dplyr (>= 1.1.0),
glue, lifecycle, rlang (>= 1.0.4), tibble, tidyselect (>=
1.2.0), vctrs (>= 0.4.1)",NA,"bench, covr, knitr, rmarkdown, testthat (>= 3.1.2), tidyr (>=
1.1.0), waldo (>= 0.3.1)",NA,"MIT + file LICENSE",NA,NA,NA,NA,"no","4.2.0","CRAN"
"43","ellipsis","/Library/Frameworks/R.framework/Versions/4.2/Resources/library","0.3.2",NA,"R (>= 3.2)","rlang (>= 0.3.0)",NA,"covr, testthat",NA,"MIT + file LICENSE",NA,NA,NA,NA,"yes","4.2.0","CRAN"
"44","evaluate","/Library/Frameworks/R.framework/Versions/4.2/Resources/library","0.20",NA,"R (>= 3.0.2)","methods",NA,"covr, ggplot2, lattice, testthat",NA,"MIT + file LICENSE",NA,NA,NA,NA,"no","4.2.0","CRAN"
"45","fansi","/Library/Frameworks/R.framework/Versions/4.2/Resources/library","1.0.4",NA,"R (>= 3.1.0)","grDevices, utils",NA,"unitizer, knitr, rmarkdown",NA,"GPL-2 | GPL-3",NA,NA,NA,NA,"yes","4.2.0","CRAN"
"46","farver","/Library/Frameworks/R.framework/Versions/4.2/Resources/library","2.1.1",NA,NA,NA,NA,"covr, testthat (>= 3.0.0)",NA,"MIT + file LICENSE",NA,NA,NA,NA,"yes","4.2.0","CRAN"
"47","fastmap","/Library/Frameworks/R.framework/Versions/4.2/Resources/library","1.1.1",NA,NA,NA,NA,"testthat (>= 2.1.1)",NA,"MIT + file LICENSE",NA,NA,NA,NA,"yes","4.2.0","CRAN"
"48","fontawesome","/Library/Frameworks/R.framework/Versions/4.2/Resources/library","0.5.0",NA,"R (>= 3.3.0)","rlang (>= 1.0.6), htmltools (>= 0.5.1.1)",NA,"covr, dplyr (>= 1.0.8), knitr (>= 1.31), testthat (>= 3.0.0),
rsvg",NA,"MIT + file LICENSE",NA,NA,NA,NA,"no","4.2.0","CRAN"
"49","forcats","/Library/Frameworks/R.framework/Versions/4.2/Resources/library","1.0.0",NA,"R (>= 3.4)","cli (>= 3.4.0), glue, lifecycle, magrittr, rlang (>= 1.0.0),
tibble",NA,"covr, dplyr, ggplot2, knitr, readr, rmarkdown, testthat (>=
3.0.0), withr",NA,"MIT + file LICENSE",NA,NA,NA,NA,"no","4.2.0","CRAN"
"50","foreign","/Library/Frameworks/R.framework/Versions/4.2/Resources/library","0.8-83","recommended","R (>= 4.0.0)","methods, utils, stats",NA,NA,NA,"GPL (>= 2)",NA,NA,NA,NA,"yes","4.2.2","CRAN"
"51","fs","/Library/Frameworks/R.framework/Versions/4.2/Resources/library","1.6.1",NA,"R (>= 3.4)","methods",NA,"covr, crayon, knitr, pillar (>= 1.0.0), rmarkdown, spelling,
testthat (>= 3.0.0), tibble (>= 1.1.0), vctrs (>= 0.3.0), withr",NA,"MIT + file LICENSE",NA,NA,NA,NA,"yes","4.2.0","CRAN"
"52","gargle","/Library/Frameworks/R.framework/Versions/4.2/Resources/library","1.3.0",NA,"R (>= 3.5)","cli (>= 3.0.0), fs (>= 1.3.1), glue (>= 1.3.0), httr (>=
1.4.0), jsonlite, lifecycle, openssl, rappdirs, rlang (>=
1.0.0), rstudioapi, stats, utils, withr",NA,"aws.ec2metadata, aws.signature, covr, httpuv, knitr, mockr,
rmarkdown, sodium, spelling, testthat (>= 3.1.2)",NA,"MIT + file LICENSE",NA,NA,NA,NA,"no","4.2.0","CRAN"
"53","generics","/Library/Frameworks/R.framework/Versions/4.2/Resources/library","0.1.3",NA,"R (>= 3.2)","methods",NA,"covr, pkgload, testthat (>= 3.0.0), tibble, withr",NA,"MIT + file LICENSE",NA,NA,NA,NA,"no","4.2.0","CRAN"
"54","ggplot2","/Library/Frameworks/R.framework/Versions/4.2/Resources/library","3.4.1",NA,"R (>= 3.3)","cli, glue, grDevices, grid, gtable (>= 0.1.1), isoband,
lifecycle (> 1.0.1), MASS, mgcv, rlang (>= 1.0.0), scales (>=
1.2.0), stats, tibble, vctrs (>= 0.5.0), withr (>= 2.5.0)",NA,"covr, dplyr, ggplot2movies, hexbin, Hmisc, knitr, lattice,
mapproj, maps, maptools, multcomp, munsell, nlme, profvis,
quantreg, ragg, RColorBrewer, rgeos, rmarkdown, rpart, sf (>=
0.7-3), svglite (>= 1.2.0.9001), testthat (>= 3.1.2), vdiffr
(>= 1.0.0), xml2","sp","MIT + file LICENSE",NA,NA,NA,NA,"no","4.2.0","CRAN"
"55","glue","/Library/Frameworks/R.framework/Versions/4.2/Resources/library","1.6.2",NA,"R (>= 3.4)","methods",NA,"covr, crayon, DBI, dplyr, forcats, ggplot2, knitr, magrittr,
microbenchmark, R.utils, rmarkdown, rprintf, RSQLite, stringr,
testthat (>= 3.0.0), vctrs (>= 0.3.0), waldo (>= 0.3.0), withr",NA,"MIT + file LICENSE",NA,NA,NA,NA,"yes","4.2.0","CRAN"
"56","googledrive","/Library/Frameworks/R.framework/Versions/4.2/Resources/library","2.1.0",NA,"R (>= 3.5)","cli (>= 3.0.0), gargle (>= 1.3.0), glue (>= 1.4.2), httr,
jsonlite, lifecycle, magrittr, pillar, purrr (>= 1.0.1), rlang
(>= 1.0.2), tibble (>= 2.0.0), utils, uuid, vctrs (>= 0.3.0),
withr",NA,"covr, curl, downlit, dplyr (>= 1.0.0), knitr, mockr,
rmarkdown, roxygen2, sodium, spelling, testthat (>= 3.1.3)",NA,"MIT + file LICENSE",NA,NA,NA,NA,"no","4.2.0","CRAN"
"57","googlesheets4","/Library/Frameworks/R.framework/Versions/4.2/Resources/library","1.1.0",NA,"R (>= 3.5)","cellranger, cli (>= 3.0.0), curl, gargle (>= 1.3.0), glue (>=
1.3.0), googledrive (>= 2.1.0), httr, ids, lifecycle, magrittr,
methods, purrr, rematch2, rlang (>= 1.0.2), tibble (>= 2.1.1),
utils, vctrs (>= 0.2.3), withr",NA,"covr, readr, rmarkdown, sodium, spelling, testthat (>= 3.1.7)",NA,"MIT + file LICENSE",NA,NA,NA,NA,"no","4.2.0","CRAN"
"58","graphics","/Library/Frameworks/R.framework/Versions/4.2/Resources/library","4.2.2","base",NA,"grDevices",NA,NA,NA,"Part of R 4.2.2",NA,NA,NA,NA,"yes","4.2.2","R Core Team and contributors worldwide"
"59","grDevices","/Library/Frameworks/R.framework/Versions/4.2/Resources/library","4.2.2","base",NA,NA,NA,"KernSmooth",NA,"Part of R 4.2.2",NA,NA,NA,NA,"yes","4.2.2","R Core Team and contributors worldwide"
"60","grid","/Library/Frameworks/R.framework/Versions/4.2/Resources/library","4.2.2","base",NA,"grDevices, utils",NA,NA,NA,"Part of R 4.2.2",NA,NA,NA,NA,"yes","4.2.2","Paul Murrell <paul@stat.auckland.ac.nz>"
"61","gt","/Library/Frameworks/R.framework/Versions/4.2/Resources/library","0.8.0",NA,"R (>= 3.2.0)","base64enc (>= 0.1-3), bigD (>= 0.1), bitops (>= 1.0-7), cli
(>= 3.4.1), commonmark (>= 1.8), dplyr (>= 1.0.8), fs (>=
1.5.2), ggplot2 (>= 3.3.5), glue (>= 1.6.1), htmltools (>=
0.5.2), juicyjuice (>= 0.1.0), magrittr (>= 2.0.2), rlang (>=
1.0.2), sass (>= 0.4.1), scales (>= 1.2.0), tibble (>= 3.1.6),
tidyselect (>= 1.1.1)",NA,"covr, digest (>= 0.6.29), knitr, paletteer, testthat (>=
3.0.0), RColorBrewer, lubridate, rmarkdown, rvest, shiny,
tidyr, webshot2, xml2",NA,"MIT + file LICENSE",NA,NA,NA,NA,"no","4.2.0","CRAN"
"62","gtable","/Library/Frameworks/R.framework/Versions/4.2/Resources/library","0.3.3",NA,"R (>= 3.5)","cli, glue, grid, lifecycle, rlang (>= 1.1.0)",NA,"covr, ggplot2, knitr, profvis, rmarkdown, testthat (>= 3.0.0)",NA,"MIT + file LICENSE",NA,NA,NA,NA,"no","4.2.0","CRAN"
"63","gtExtras","/Library/Frameworks/R.framework/Versions/4.2/Resources/library","0.4.5",NA,"R (>= 3.6.0)","commonmark, dplyr (>= 1.0.9), fontawesome (>= 0.4.0), ggplot2
(>= 3.4.0), glue (>= 1.6.1), gt (>= 0.8.0), htmltools (>=
0.5.3), paletteer (>= 1.4.0), rlang (>= 1.0.4), scales (>=
1.2.0)",NA,"base64enc (>= 0.1-3), bitops (>= 1.0.6), covr, fs (>= 1.5.2),
hms, magrittr (>= 1.5), rvest (>= 1.0.0), sass (>= 0.1.1),
stringr (>= 1.3.1), svglite (>= 2.1.0), testthat (>= 3.0.0),
tibble (>= 3.0.0), tidyr (>= 1.0.0), tidyselect (>= 1.0.0),
webshot2 (>= 0.1.0), xml2",NA,"MIT + file LICENSE",NA,NA,NA,NA,"no","4.2.0","CRAN"
"64","haven","/Library/Frameworks/R.framework/Versions/4.2/Resources/library","2.5.2",NA,"R (>= 3.4)","cli (>= 3.0.0), forcats (>= 0.2.0), hms, lifecycle, methods,
readr (>= 0.1.0), rlang (>= 0.4.0), tibble, tidyselect, vctrs
(>= 0.3.0)","cpp11","covr, crayon, fs, knitr, pillar (>= 1.4.0), rmarkdown,
testthat (>= 3.0.0), utf8",NA,"MIT + file LICENSE",NA,NA,NA,NA,"yes","4.2.0","CRAN"
"65","highr","/Library/Frameworks/R.framework/Versions/4.2/Resources/library","0.10",NA,"R (>= 3.3.0)","xfun (>= 0.18)",NA,"knitr, markdown, testit",NA,"GPL",NA,NA,NA,NA,"no","4.2.0","CRAN"
"66","hms","/Library/Frameworks/R.framework/Versions/4.2/Resources/library","1.1.3",NA,NA,"lifecycle, methods, pkgconfig, rlang (>= 1.0.2), vctrs (>=
0.3.8)",NA,"crayon, lubridate, pillar (>= 1.1.0), testthat (>= 3.0.0)",NA,"MIT + file LICENSE",NA,NA,NA,NA,"no","4.2.0","CRAN"
"67","htmltools","/Library/Frameworks/R.framework/Versions/4.2/Resources/library","0.5.4",NA,"R (>= 2.14.1)","utils, digest, grDevices, base64enc, rlang (>= 0.4.10),
fastmap (>= 1.1.0), ellipsis",NA,"markdown, testthat, withr, Cairo, ragg, shiny","knitr","GPL (>= 2)",NA,NA,NA,NA,"yes","4.2.0","CRAN"
"68","httr","/Library/Frameworks/R.framework/Versions/4.2/Resources/library","1.4.5",NA,"R (>= 3.5)","curl (>= 3.0.0), jsonlite, mime, openssl (>= 0.8), R6",NA,"covr, httpuv, jpeg, knitr, png, readr, rmarkdown, testthat
(>= 0.8.0), xml2",NA,"MIT + file LICENSE",NA,NA,NA,NA,"no","4.2.0","CRAN"
"69","ids","/Library/Frameworks/R.framework/Versions/4.2/Resources/library","1.0.1",NA,NA,"openssl, uuid",NA,"knitr, rcorpora, rmarkdown, testthat",NA,"MIT + file LICENSE",NA,NA,NA,NA,"no","4.2.0","CRAN"
"70","isoband","/Library/Frameworks/R.framework/Versions/4.2/Resources/library","0.2.7",NA,NA,"grid, utils",NA,"covr, ggplot2, knitr, magick, microbenchmark, rmarkdown, sf,
testthat, xml2",NA,"MIT + file LICENSE",NA,NA,NA,NA,"yes","4.2.0","CRAN"
"71","janitor","/Library/Frameworks/R.framework/Versions/4.2/Resources/library","2.2.0",NA,"R (>= 3.1.2)","dplyr (>= 1.0.0), hms, lifecycle, lubridate, magrittr, purrr,
rlang, stringi, stringr, snakecase (>= 0.9.2), tidyselect (>=
1.0.0), tidyr (>= 0.7.0)",NA,"dbplyr, knitr, rmarkdown, RSQLite, sf, testthat (>= 3.0.0),
tibble, tidygraph",NA,"MIT + file LICENSE",NA,NA,NA,NA,"no","4.2.0","CRAN"
"72","jquerylib","/Library/Frameworks/R.framework/Versions/4.2/Resources/library","0.1.4",NA,NA,"htmltools",NA,"testthat",NA,"MIT + file LICENSE",NA,NA,NA,NA,"no","4.2.0","CRAN"
"73","jsonlite","/Library/Frameworks/R.framework/Versions/4.2/Resources/library","1.8.4",NA,"methods",NA,NA,"httr, vctrs, testthat, knitr, rmarkdown, R.rsp, sf",NA,"MIT + file LICENSE",NA,NA,NA,NA,"yes","4.2.0","CRAN"
"74","juicyjuice","/Library/Frameworks/R.framework/Versions/4.2/Resources/library","0.1.0",NA,NA,"V8 (>= 4.2.0)",NA,"testthat (>= 3.0.0)",NA,"MIT + file LICENSE",NA,NA,NA,NA,"no","4.2.0","CRAN"
"75","kableExtra","/Library/Frameworks/R.framework/Versions/4.2/Resources/library","1.3.4",NA,"R (>= 3.1.0)","knitr (>= 1.16), magrittr, stringr (>= 1.0), xml2 (>= 1.1.1),
rvest, rmarkdown (>= 1.6.0), scales, viridisLite, stats,
grDevices, htmltools, rstudioapi, glue, tools, webshot, digest,
graphics, svglite",NA,"testthat, magick, formattable, sparkline",NA,"MIT + file LICENSE",NA,NA,NA,NA,"no","4.2.0","CRAN"
"76","KernSmooth","/Library/Frameworks/R.framework/Versions/4.2/Resources/library","2.23-20","recommended","R (>= 2.5.0), stats",NA,NA,"MASS, carData",NA,"Unlimited",NA,NA,NA,NA,"yes","4.2.2","CRAN"
"77","knitr","/Library/Frameworks/R.framework/Versions/4.2/Resources/library","1.42",NA,"R (>= 3.3.0)","evaluate (>= 0.15), highr, methods, yaml (>= 2.1.19), xfun (>=
0.34), tools",NA,"markdown (>= 1.3), formatR, testit, digest, rgl (>=
0.95.1201), codetools, rmarkdown, htmlwidgets (>= 0.7),
webshot, tikzDevice (>= 0.10), tinytex, reticulate (>= 1.4),
JuliaCall (>= 0.11.1), magick, png, jpeg, gifski, xml2 (>=
1.2.0), httr, DBI (>= 0.4-1), showtext, tibble, sass, bslib,
ragg, gridSVG, styler (>= 1.2.0), targets (>= 0.6.0)",NA,"GPL",NA,NA,NA,NA,"no","4.2.0","CRAN"
"78","labeling","/Library/Frameworks/R.framework/Versions/4.2/Resources/library","0.4.2",NA,NA,"stats, graphics",NA,NA,NA,"MIT + file LICENSE | Unlimited",NA,NA,NA,NA,"no","4.2.0","CRAN"
"79","labelled","/Library/Frameworks/R.framework/Versions/4.2/Resources/library","2.10.0",NA,"R (>= 3.0)","haven (>= 2.4.1), dplyr (>= 1.0.0), lifecycle, rlang, vctrs,
stringr, tidyr",NA,"testthat, knitr, rmarkdown, questionr, snakecase, utf8, covr,
spelling","memisc","GPL-3",NA,NA,NA,NA,"no","4.2.0","CRAN"
"80","labelVector","/Library/Frameworks/R.framework/Versions/4.2/Resources/library","0.1.2",NA,"R (>= 2.0.0)",NA,NA,"Hmisc, knitr, testthat",NA,"MIT + file LICENSE",NA,NA,NA,NA,"no","4.2.0","CRAN"
"81","languageserver","/Library/Frameworks/R.framework/Versions/4.2/Resources/library","0.3.15",NA,"R (>= 3.4.0)","callr (>= 3.0.0), collections (>= 0.3.0), fs (>= 1.3.1),
jsonlite (>= 1.6), lintr (>= 3.0.0), parallel, R6 (>= 2.4.1),
roxygen2 (>= 7.0.0), stringi (>= 1.1.7), styler (>= 1.5.1),
tools, utils, xml2 (>= 1.2.2), xmlparsedata (>= 1.0.3)",NA,"covr (>= 3.4.0), magrittr (>= 1.5), mockery (>= 0.4.2),
processx (>= 3.4.1), purrr (>= 0.3.3), testthat (>= 2.1.0),
withr (>= 2.3.0), rmarkdown (>= 2.0)",NA,"MIT + file LICENSE",NA,NA,NA,NA,"yes","4.2.0","CRAN"
"82","lattice","/Library/Frameworks/R.framework/Versions/4.2/Resources/library","0.20-45","recommended","R (>= 3.0.0)","grid, grDevices, graphics, stats, utils",NA,"KernSmooth, MASS, latticeExtra","chron","GPL (>= 2)",NA,NA,NA,NA,"yes","4.2.2","CRAN"
"83","lazyeval","/Library/Frameworks/R.framework/Versions/4.2/Resources/library","0.2.2",NA,"R (>= 3.1.0)",NA,NA,"knitr, rmarkdown (>= 0.2.65), testthat, covr",NA,"GPL-3",NA,NA,NA,NA,"yes","4.2.0","CRAN"
"84","lifecycle","/Library/Frameworks/R.framework/Versions/4.2/Resources/library","1.0.3",NA,"R (>= 3.4)","cli (>= 3.4.0), glue, rlang (>= 1.0.6)",NA,"covr, crayon, knitr, lintr, rmarkdown, testthat (>= 3.0.1),
tibble, tidyverse, tools, vctrs, withr",NA,"MIT + file LICENSE",NA,NA,NA,NA,"no","4.2.0","CRAN"
"85","lintr","/Library/Frameworks/R.framework/Versions/4.2/Resources/library","3.0.2",NA,"R (>= 3.2)","backports, codetools, crayon, cyclocomp, digest, glue,
jsonlite, knitr, rex, stats, utils, xml2 (>= 1.0.0),
xmlparsedata (>= 1.0.5)",NA,"covr, httr (>= 1.2.1), mockery, patrick, pkgdown, rmarkdown,
rstudioapi (>= 0.2), testthat (>= 3.0.0), tibble, withr (>=
2.5.0)",NA,"MIT + file LICENSE",NA,NA,NA,NA,"no","4.2.0","CRAN"
"86","lubridate","/Library/Frameworks/R.framework/Versions/4.2/Resources/library","1.9.2",NA,"methods, R (>= 3.2)","generics, timechange (>= 0.1.1)",NA,"covr, knitr, rmarkdown, testthat (>= 2.1.0), vctrs (>= 0.5.0)","chron, data.table, timeDate, tis, zoo","GPL (>= 2)",NA,NA,NA,NA,"yes","4.2.0","CRAN"
"87","magrittr","/Library/Frameworks/R.framework/Versions/4.2/Resources/library","2.0.3",NA,"R (>= 3.4.0)",NA,NA,"covr, knitr, rlang, rmarkdown, testthat",NA,"MIT + file LICENSE",NA,NA,NA,NA,"yes","4.2.0","CRAN"
"88","markdown","/Library/Frameworks/R.framework/Versions/4.2/Resources/library","1.5",NA,"R (>= 2.11.1)","utils, commonmark, xfun (>= 0.35)",NA,"knitr, rmarkdown (>= 2.18), yaml, RCurl",NA,"GPL-2",NA,NA,NA,NA,"no","4.2.0","CRAN"
"89","MASS","/Library/Frameworks/R.framework/Versions/4.2/Resources/library","7.3-58.1","recommended","R (>= 3.3.0), grDevices, graphics, stats, utils","methods",NA,"lattice, nlme, nnet, survival",NA,"GPL-2 | GPL-3",NA,NA,NA,NA,"yes","4.2.2","CRAN"
"90","Matrix","/Library/Frameworks/R.framework/Versions/4.2/Resources/library","1.5-1","recommended","R (>= 3.5.0)","methods, graphics, grid, stats, utils, lattice",NA,"expm, MASS","MatrixModels, graph, SparseM, sfsmisc, igraph, maptools, sp,
spdep","GPL (>= 2) | file LICENCE",NA,NA,NA,NA,"yes","4.2.2","CRAN"
"91","memoise","/Library/Frameworks/R.framework/Versions/4.2/Resources/library","2.0.1",NA,NA,"rlang (>= 0.4.10), cachem",NA,"digest, aws.s3, covr, googleAuthR, googleCloudStorageR, httr,
testthat",NA,"MIT + file LICENSE",NA,NA,NA,NA,"no","4.2.0","CRAN"
"92","methods","/Library/Frameworks/R.framework/Versions/4.2/Resources/library","4.2.2","base",NA,"utils, stats",NA,"codetools",NA,"Part of R 4.2.2",NA,NA,NA,NA,"yes","4.2.2","R Core Team"
"93","mgcv","/Library/Frameworks/R.framework/Versions/4.2/Resources/library","1.8-41","recommended","R (>= 3.6.0), nlme (>= 3.1-64)","methods, stats, graphics, Matrix, splines, utils",NA,"parallel, survival, MASS",NA,"GPL (>= 2)",NA,NA,NA,NA,"yes","4.2.2","CRAN"
"94","mime","/Library/Frameworks/R.framework/Versions/4.2/Resources/library","0.12",NA,NA,"tools",NA,NA,NA,"GPL",NA,NA,NA,NA,"yes","4.2.0","CRAN"
"95","modelr","/Library/Frameworks/R.framework/Versions/4.2/Resources/library","0.1.11",NA,"R (>= 3.2)","broom, magrittr, purrr (>= 0.2.2), rlang (>= 1.0.6), tibble,
tidyr (>= 0.8.0), tidyselect, vctrs",NA,"compiler, covr, ggplot2, testthat (>= 3.0.0)",NA,"GPL-3",NA,NA,NA,NA,"no","4.2.0","CRAN"
"96","munsell","/Library/Frameworks/R.framework/Versions/4.2/Resources/library","0.5.0",NA,NA,"colorspace, methods",NA,"ggplot2, testthat",NA,"MIT + file LICENSE",NA,NA,NA,NA,"no","4.2.0","CRAN"
"97","nlme","/Library/Frameworks/R.framework/Versions/4.2/Resources/library","3.1-160","recommended","R (>= 3.5.0)","graphics, stats, utils, lattice",NA,"Hmisc, MASS, SASmixed",NA,"GPL (>= 2)",NA,NA,NA,NA,"yes","4.2.2","CRAN"
"98","nnet","/Library/Frameworks/R.framework/Versions/4.2/Resources/library","7.3-18","recommended","R (>= 3.0.0), stats, utils",NA,NA,"MASS",NA,"GPL-2 | GPL-3",NA,NA,NA,NA,"yes","4.2.2","CRAN"
"99","openssl","/Library/Frameworks/R.framework/Versions/4.2/Resources/library","2.0.6",NA,NA,"askpass",NA,"curl, testthat (>= 2.1.0), digest, knitr, rmarkdown,
jsonlite, jose, sodium",NA,"MIT + file LICENSE",NA,NA,NA,NA,"yes","4.2.0","CRAN"
"100","pacman","/Library/Frameworks/R.framework/Versions/4.2/Resources/library","0.5.1",NA,"R (>= 3.5.0)","remotes, methods, stats, utils",NA,"BiocManager, knitr, lattice, testthat (>= 0.9.0), XML",NA,"GPL-2",NA,NA,NA,NA,"no","4.2.0","CRAN"
"101","paletteer","/Library/Frameworks/R.framework/Versions/4.2/Resources/library","1.5.0",NA,"R (>= 2.10)","prismatic, rematch2, rlang, rstudioapi",NA,"covr, ggplot2 (>= 3.3.0), ggthemes (>= 4.0.0), harrypotter
(>= 2.1.0), knitr, oompaBase, palr, pals, rmarkdown, scico,
testthat (>= 2.1.0), vdiffr, viridisLite",NA,"GPL-3",NA,NA,NA,NA,"no","4.2.0","CRAN"
"102","parallel","/Library/Frameworks/R.framework/Versions/4.2/Resources/library","4.2.2","base",NA,"tools, compiler",NA,"methods","snow, nws, Rmpi","Part of R 4.2.2",NA,NA,NA,NA,"yes","4.2.2","R Core Team"
"103","pillar","/Library/Frameworks/R.framework/Versions/4.2/Resources/library","1.9.0",NA,NA,"cli (>= 2.3.0), fansi, glue, lifecycle, rlang (>= 1.0.2), utf8
(>= 1.1.0), utils, vctrs (>= 0.5.0)",NA,"bit64, DBI, debugme, DiagrammeR, dplyr, formattable, ggplot2,
knitr, lubridate, nanotime, nycflights13, palmerpenguins,
rmarkdown, scales, stringi, survival, testthat (>= 3.1.1),
tibble, units (>= 0.7.2), vdiffr, withr",NA,"MIT + file LICENSE",NA,NA,NA,NA,"no","4.2.0","CRAN"
"104","pkgconfig","/Library/Frameworks/R.framework/Versions/4.2/Resources/library","2.0.3",NA,NA,"utils",NA,"covr, testthat, disposables (>= 1.0.3)",NA,"MIT + file LICENSE",NA,NA,NA,NA,"no","4.2.0","CRAN"
"105","pkgload","/Library/Frameworks/R.framework/Versions/4.2/Resources/library","1.3.2",NA,"R (>= 3.4.0)","cli (>= 3.3.0), crayon, desc, fs, glue, methods, rlang (>=
1.0.3), rprojroot, utils, withr (>= 2.4.3)",NA,"bitops, covr, mathjaxr, mockr, pak, pkgbuild, Rcpp, remotes,
rstudioapi, testthat (>= 3.1.0)",NA,"GPL-3",NA,NA,NA,NA,"no","4.2.0","CRAN"
"106","prettyunits","/Library/Frameworks/R.framework/Versions/4.2/Resources/library","1.1.1",NA,NA,NA,NA,"codetools, covr, testthat",NA,"MIT + file LICENSE",NA,NA,NA,NA,"no","4.2.0","CRAN"
"107","prismatic","/Library/Frameworks/R.framework/Versions/4.2/Resources/library","1.1.1",NA,"R (>= 3.2)","graphics, farver (>= 2.0.1), grDevices",NA,"covr, crayon, testthat (>= 3.0.0)",NA,"MIT + file LICENSE",NA,NA,NA,NA,"no","4.2.0","CRAN"
"108","processx","/Library/Frameworks/R.framework/Versions/4.2/Resources/library","3.8.0",NA,"R (>= 3.4.0)","ps (>= 1.2.0), R6, utils",NA,"callr (>= 3.7.0), cli (>= 3.3.0), codetools, covr, curl,
debugme, parallel, rlang (>= 1.0.2), testthat (>= 3.0.0), withr",NA,"MIT + file LICENSE",NA,NA,NA,NA,"yes","4.2.0","CRAN"
"109","progress","/Library/Frameworks/R.framework/Versions/4.2/Resources/library","1.2.2",NA,NA,"hms, prettyunits, R6, crayon",NA,"Rcpp, testthat, withr",NA,"MIT + file LICENSE",NA,NA,NA,NA,"no","4.2.0","CRAN"
"110","ps","/Library/Frameworks/R.framework/Versions/4.2/Resources/library","1.7.2",NA,"R (>= 3.4)","utils",NA,"callr, covr, curl, pillar, pingr, processx (>= 3.1.0), R6,
rlang, testthat (>= 3.0.0),",NA,"MIT + file LICENSE",NA,NA,NA,NA,"yes","4.2.0","CRAN"
"111","purrr","/Library/Frameworks/R.framework/Versions/4.2/Resources/library","1.0.1",NA,"R (>= 3.4.0)","cli (>= 3.4.0), lifecycle (>= 1.0.3), magrittr (>= 1.5.0),
rlang (>= 0.4.10), vctrs (>= 0.5.0)","cli","covr, dplyr (>= 0.7.8), httr, knitr, lubridate, rmarkdown,
testthat (>= 3.0.0), tibble, tidyselect",NA,"MIT + file LICENSE",NA,NA,NA,NA,"yes","4.2.0","CRAN"
"112","R.cache","/Library/Frameworks/R.framework/Versions/4.2/Resources/library","0.16.0",NA,"R (>= 2.14.0)","utils, R.methodsS3 (>= 1.8.1), R.oo (>= 1.24.0), R.utils (>=
2.10.1), digest (>= 0.6.13)",NA,NA,NA,"LGPL (>= 2.1)",NA,NA,NA,NA,"no","4.2.0","CRAN"
"113","R.methodsS3","/Library/Frameworks/R.framework/Versions/4.2/Resources/library","1.8.2",NA,"R (>= 2.13.0)","utils",NA,"codetools",NA,"LGPL (>= 2.1)",NA,NA,NA,NA,"no","4.2.0","CRAN"
"114","R.oo","/Library/Frameworks/R.framework/Versions/4.2/Resources/library","1.25.0",NA,"R (>= 2.13.0), R.methodsS3 (>= 1.8.1)","methods, utils",NA,"tools",NA,"LGPL (>= 2.1)",NA,NA,NA,NA,"no","4.2.0","CRAN"
"115","R.utils","/Library/Frameworks/R.framework/Versions/4.2/Resources/library","2.12.2",NA,"R (>= 2.14.0), R.oo","methods, utils, tools, R.methodsS3",NA,"datasets, digest (>= 0.6.10)",NA,"LGPL (>= 2.1)",NA,NA,NA,NA,"no","4.2.0","CRAN"
"116","R6","/Library/Frameworks/R.framework/Versions/4.2/Resources/library","2.5.1",NA,"R (>= 3.0)",NA,NA,"testthat, pryr",NA,"MIT + file LICENSE",NA,NA,NA,NA,"no","4.2.0","CRAN"
"117","ragg","/Library/Frameworks/R.framework/Versions/4.2/Resources/library","1.2.5",NA,NA,"systemfonts (>= 1.0.3), textshaping (>= 0.3.0)","systemfonts, textshaping","covr, graphics, grid, testthat",NA,"MIT + file LICENSE",NA,NA,NA,NA,"yes","4.2.0","CRAN"
"118","rappdirs","/Library/Frameworks/R.framework/Versions/4.2/Resources/library","0.3.3",NA,"R (>= 3.2)",NA,NA,"roxygen2, testthat (>= 3.0.0), covr, withr",NA,"MIT + file LICENSE",NA,NA,NA,NA,"yes","4.2.0","CRAN"
"119","RColorBrewer","/Library/Frameworks/R.framework/Versions/4.2/Resources/library","1.1-3",NA,"R (>= 2.0.0)",NA,NA,NA,NA,"Apache License 2.0",NA,NA,NA,NA,"no","4.2.0","CRAN"
"120","Rcpp","/Library/Frameworks/R.framework/Versions/4.2/Resources/library","1.0.10",NA,NA,"methods, utils",NA,"tinytest, inline, rbenchmark, pkgKitten (>= 0.1.2)",NA,"GPL (>= 2)",NA,NA,NA,NA,"yes","4.2.0","CRAN"
"121","RCurl","/Library/Frameworks/R.framework/Versions/4.2/Resources/library","1.98-1.12",NA,"R (>= 3.4.0), methods","bitops",NA,"XML",NA,"BSD_3_clause + file LICENSE",NA,NA,NA,NA,"yes","4.2.2","CRAN"
"122","readr","/Library/Frameworks/R.framework/Versions/4.2/Resources/library","2.1.4",NA,"R (>= 3.5)","cli (>= 3.2.0), clipr, crayon, hms (>= 0.4.1), lifecycle (>=
0.2.0), methods, R6, rlang, tibble, utils, vroom (>= 1.6.0)","cpp11, tzdb (>= 0.1.1)","covr, curl, datasets, knitr, rmarkdown, spelling, stringi,
testthat (>= 3.1.2), tzdb (>= 0.1.1), waldo, withr, xml2",NA,"MIT + file LICENSE",NA,NA,NA,NA,"yes","4.2.0","CRAN"
"123","readxl","/Library/Frameworks/R.framework/Versions/4.2/Resources/library","1.4.2",NA,"R (>= 3.5)","cellranger, tibble (>= 2.0.1), utils","cpp11 (>= 0.4.0), progress","covr, knitr, rmarkdown, testthat (>= 3.1.6), withr",NA,"MIT + file LICENSE",NA,NA,NA,NA,"yes","4.2.0","CRAN"
"124","redcapAPI","/Library/Frameworks/R.framework/Versions/4.2/Resources/library","2.5.0",NA,"R (>= 3.0.0)","checkmate, chron, httr, labelVector, lubridate",NA,"testthat (>= 3.0.0), getPass, keyring, Hmisc",NA,"GPL-2",NA,NA,NA,NA,"yes","4.2.0","CRAN"
"125","rematch","/Library/Frameworks/R.framework/Versions/4.2/Resources/library","1.0.1",NA,NA,NA,NA,"covr, testthat",NA,"MIT + file LICENSE",NA,NA,NA,NA,"no","4.2.0","CRAN"
"126","rematch2","/Library/Frameworks/R.framework/Versions/4.2/Resources/library","2.1.2",NA,NA,"tibble",NA,"covr, testthat",NA,"MIT + file LICENSE",NA,NA,NA,NA,"no","4.2.0","CRAN"
"127","remotes","/Library/Frameworks/R.framework/Versions/4.2/Resources/library","2.4.2",NA,"R (>= 3.0.0)","methods, stats, tools, utils",NA,"brew, callr, codetools, curl, covr, git2r (>= 0.23.0), knitr,
mockery, pkgbuild (>= 1.0.1), pingr, rmarkdown, rprojroot,
testthat, webfakes, withr",NA,"MIT + file LICENSE",NA,NA,NA,NA,"no","4.2.0","CRAN"
"128","reprex","/Library/Frameworks/R.framework/Versions/4.2/Resources/library","2.0.2",NA,"R (>= 3.4)","callr (>= 3.6.0), cli (>= 3.2.0), clipr (>= 0.4.0), fs, glue,
knitr (>= 1.23), lifecycle, rlang (>= 1.0.0), rmarkdown,
rstudioapi, utils, withr (>= 2.3.0)",NA,"covr, fortunes, miniUI, mockr, rprojroot, sessioninfo, shiny,
spelling, styler (>= 1.2.0), testthat (>= 3.0.2)",NA,"MIT + file LICENSE",NA,NA,NA,NA,"no","4.2.0","CRAN"
"129","rex","/Library/Frameworks/R.framework/Versions/4.2/Resources/library","1.2.1",NA,NA,"lazyeval",NA,"covr, dplyr, ggplot2, Hmisc, knitr, magrittr, rmarkdown,
roxygen2, rvest, stringr, testthat",NA,"MIT + file LICENSE",NA,NA,NA,NA,"no","4.2.0","CRAN"
"130","rjson","/Library/Frameworks/R.framework/Versions/4.2/Resources/library","0.2.21",NA,"R (>= 4.0.0)",NA,NA,NA,NA,"GPL-2",NA,NA,NA,NA,"yes","4.2.0","CRAN"
"131","rlang","/Library/Frameworks/R.framework/Versions/4.2/Resources/library","1.1.0",NA,"R (>= 3.5.0)","utils",NA,"cli (>= 3.1.0), covr, crayon, fs, glue, knitr, magrittr,
methods, pillar, rmarkdown, stats, testthat (>= 3.0.0), tibble,
usethis, vctrs (>= 0.2.3), withr","winch","MIT + file LICENSE",NA,NA,NA,NA,"yes","4.2.2","CRAN"
"132","rmarkdown","/Library/Frameworks/R.framework/Versions/4.2/Resources/library","2.20",NA,"R (>= 3.0)","bslib (>= 0.2.5.1), evaluate (>= 0.13), htmltools (>= 0.5.1),
jquerylib, jsonlite, knitr (>= 1.22), methods, stringr (>=
1.2.0), tinytex (>= 0.31), tools, utils, xfun (>= 0.36), yaml
(>= 2.1.19)",NA,"digest, dygraphs, fs, rsconnect, downlit (>= 0.4.0), katex
(>= 1.4.0), sass (>= 0.4.0), shiny (>= 1.6.0), testthat (>=
3.0.3), tibble, vctrs, withr (>= 2.4.2)",NA,"GPL-3",NA,NA,NA,NA,"no","4.2.0","CRAN"
"133","roxygen2","/Library/Frameworks/R.framework/Versions/4.2/Resources/library","7.2.3",NA,"R (>= 3.3)","brew, cli (>= 3.3.0), commonmark, desc (>= 1.2.0), knitr,
methods, pkgload (>= 1.0.2), purrr (>= 0.3.3), R6 (>= 2.1.2),
rlang (>= 1.0.6), stringi, stringr (>= 1.0.0), utils, withr,
xml2","cpp11","covr, R.methodsS3, R.oo, rmarkdown (>= 2.16), testthat (>=
3.1.2), yaml",NA,"MIT + file LICENSE",NA,NA,NA,NA,"yes","4.2.0","CRAN"
"134","rpart","/Library/Frameworks/R.framework/Versions/4.2/Resources/library","4.1.19","recommended","R (>= 2.15.0), graphics, stats, grDevices",NA,NA,"survival",NA,"GPL-2 | GPL-3",NA,NA,NA,NA,"yes","4.2.2","CRAN"
"135","rprojroot","/Library/Frameworks/R.framework/Versions/4.2/Resources/library","2.0.3",NA,"R (>= 3.0.0)",NA,NA,"covr, knitr, lifecycle, mockr, rmarkdown, testthat (>=
3.0.0), withr",NA,"MIT + file LICENSE",NA,NA,NA,NA,"no","4.2.0","CRAN"
"136","rstudioapi","/Library/Frameworks/R.framework/Versions/4.2/Resources/library","0.14",NA,NA,NA,NA,"testthat, knitr, rmarkdown, clipr, covr",NA,"MIT + file LICENSE",NA,NA,NA,NA,"no","4.2.0","CRAN"
"137","rvest","/Library/Frameworks/R.framework/Versions/4.2/Resources/library","1.0.3",NA,"R (>= 3.2)","glue, cli, httr (>= 0.5), lifecycle (>= 1.0.0), magrittr,
rlang (>= 1.0.0), selectr, tibble, xml2 (>= 1.3), withr",NA,"covr, knitr, readr, repurrrsive, rmarkdown, spelling, stringi
(>= 0.3.1), testthat (>= 3.0.2), webfakes",NA,"MIT + file LICENSE",NA,NA,NA,NA,"no","4.2.0","CRAN"
"138","sass","/Library/Frameworks/R.framework/Versions/4.2/Resources/library","0.4.5",NA,NA,"fs, rlang (>= 0.4.10), htmltools (>= 0.5.1), R6, rappdirs",NA,"testthat, knitr, rmarkdown, withr, shiny, curl",NA,"MIT + file LICENSE",NA,NA,NA,NA,"yes","4.2.0","CRAN"
"139","scales","/Library/Frameworks/R.framework/Versions/4.2/Resources/library","1.2.1",NA,"R (>= 3.2)","farver (>= 2.0.3), labeling, lifecycle, munsell (>= 0.5), R6,
RColorBrewer, rlang (>= 1.0.0), viridisLite",NA,"bit64, covr, dichromat, ggplot2, hms (>= 0.5.0), stringi,
testthat (>= 3.0.0), waldo (>= 0.4.0)",NA,"MIT + file LICENSE",NA,NA,NA,NA,"no","4.2.0","CRAN"
"140","selectr","/Library/Frameworks/R.framework/Versions/4.2/Resources/library","0.4-2",NA,"R (>= 3.0)","methods, stringr, R6",NA,"testthat, XML, xml2",NA,"BSD_3_clause + file LICENCE",NA,NA,NA,NA,"no","4.2.0","CRAN"
"141","snakecase","/Library/Frameworks/R.framework/Versions/4.2/Resources/library","0.11.0",NA,"R (>= 3.2)","stringr, stringi",NA,"testthat, covr, tibble, purrrlyr, knitr, rmarkdown, magrittr",NA,"GPL-3",NA,NA,NA,NA,"no","4.2.0","CRAN"
"142","spatial","/Library/Frameworks/R.framework/Versions/4.2/Resources/library","7.3-15","recommended","R (>= 3.0.0), graphics, stats, utils",NA,NA,"MASS",NA,"GPL-2 | GPL-3",NA,NA,NA,NA,"yes","4.2.2","CRAN"
"143","splines","/Library/Frameworks/R.framework/Versions/4.2/Resources/library","4.2.2","base",NA,"graphics, stats",NA,"Matrix, methods",NA,"Part of R 4.2.2",NA,NA,NA,NA,"yes","4.2.2","Douglas M. Bates <bates@stat.wisc.edu> and
 William N. Venables <Bill.Venables@csiro.au>"
"144","stats","/Library/Frameworks/R.framework/Versions/4.2/Resources/library","4.2.2","base",NA,"utils, grDevices, graphics",NA,"MASS, Matrix, SuppDists, methods, stats4",NA,"Part of R 4.2.2",NA,NA,NA,NA,"yes","4.2.2","R Core Team and contributors worldwide"
"145","stats4","/Library/Frameworks/R.framework/Versions/4.2/Resources/library","4.2.2","base",NA,"graphics, methods, stats",NA,NA,NA,"Part of R 4.2.2",NA,NA,NA,NA,NA,"4.2.2","R Core Team and contributors worldwide"
"146","stringi","/Library/Frameworks/R.framework/Versions/4.2/Resources/library","1.7.12",NA,"R (>= 3.1)","tools, utils, stats",NA,NA,NA,"file LICENSE","yes",NA,NA,NA,"yes","4.2.0","CRAN"
"147","stringr","/Library/Frameworks/R.framework/Versions/4.2/Resources/library","1.5.0",NA,"R (>= 3.3)","cli, glue (>= 1.6.1), lifecycle (>= 1.0.3), magrittr, rlang
(>= 1.0.0), stringi (>= 1.5.3), vctrs",NA,"covr, htmltools, htmlwidgets, knitr, rmarkdown, testthat (>=
3.0.0)",NA,"MIT + file LICENSE",NA,NA,NA,NA,"no","4.2.0","CRAN"
"148","styler","/Library/Frameworks/R.framework/Versions/4.2/Resources/library","1.9.1",NA,"R (>= 3.5.0)","cli (>= 3.1.1), magrittr (>= 2.0.0), purrr (>= 0.2.3), R.cache
(>= 0.15.0), rlang (>= 0.1.1), rprojroot (>= 1.1), tools, vctrs
(>= 0.4.1), withr (>= 2.3.0),",NA,"data.tree (>= 0.1.6), digest, dplyr, here, knitr, prettycode,
rmarkdown, roxygen2, rstudioapi (>= 0.7), tibble (>= 1.4.2),
testthat (>= 3.0.0)",NA,"MIT + file LICENSE",NA,NA,NA,NA,"no","4.2.0","CRAN"
"149","survival","/Library/Frameworks/R.framework/Versions/4.2/Resources/library","3.4-0","recommended","R (>= 3.5.0)","graphics, Matrix, methods, splines, stats, utils",NA,NA,NA,"LGPL (>= 2)",NA,NA,NA,NA,"yes","4.2.2","CRAN"
"150","svglite","/Library/Frameworks/R.framework/Versions/4.2/Resources/library","2.1.1",NA,"R (>= 3.0.0)","systemfonts (>= 1.0.0)","cpp11, systemfonts","covr, fontquiver (>= 0.2.0), htmltools, knitr, rmarkdown,
testthat, xml2 (>= 1.0.0)",NA,"GPL (>= 2)",NA,NA,NA,NA,"yes","4.2.0","CRAN"
"151","sys","/Library/Frameworks/R.framework/Versions/4.2/Resources/library","3.4.1",NA,NA,NA,NA,"unix (>= 1.4), spelling, testthat",NA,"MIT + file LICENSE",NA,NA,NA,NA,"yes","4.2.0","CRAN"
"152","systemfonts","/Library/Frameworks/R.framework/Versions/4.2/Resources/library","1.0.4",NA,"R (>= 3.2.0)",NA,"cpp11 (>= 0.2.1)","testthat (>= 2.1.0), covr, knitr, rmarkdown, tools",NA,"MIT + file LICENSE",NA,NA,NA,NA,"yes","4.2.0","CRAN"
"153","tcltk","/Library/Frameworks/R.framework/Versions/4.2/Resources/library","4.2.2","base",NA,"utils",NA,NA,NA,"Part of R 4.2.2",NA,NA,NA,NA,"yes","4.2.2","R Core Team"
"154","textshaping","/Library/Frameworks/R.framework/Versions/4.2/Resources/library","0.3.6",NA,"R (>= 3.2.0)","systemfonts (>= 1.0.0)","cpp11 (>= 0.2.1), systemfonts (>= 1.0.0)","covr, knitr, rmarkdown",NA,"MIT + file LICENSE",NA,NA,NA,NA,"yes","4.2.0","CRAN"
"155","tibble","/Library/Frameworks/R.framework/Versions/4.2/Resources/library","3.2.1",NA,"R (>= 3.4.0)","fansi (>= 0.4.0), lifecycle (>= 1.0.0), magrittr, methods,
pillar (>= 1.8.1), pkgconfig, rlang (>= 1.0.2), utils, vctrs
(>= 0.4.2)",NA,"bench, bit64, blob, brio, callr, cli, covr, crayon (>=
1.3.4), DiagrammeR, dplyr, evaluate, formattable, ggplot2,
here, hms, htmltools, knitr, lubridate, mockr, nycflights13,
pkgbuild, pkgload, purrr, rmarkdown, stringi, testthat (>=
3.0.2), tidyr, withr",NA,"MIT + file LICENSE",NA,NA,NA,NA,"yes","4.2.0","CRAN"
"156","tidylog","/Library/Frameworks/R.framework/Versions/4.2/Resources/library","1.0.2",NA,NA,"dplyr, tidyr, glue, clisymbols",NA,"testthat, covr, forcats, knitr, rmarkdown, bench",NA,"MIT + file LICENSE",NA,NA,NA,NA,"no","4.2.0","CRAN"
"157","tidyr","/Library/Frameworks/R.framework/Versions/4.2/Resources/library","1.3.0",NA,"R (>= 3.4.0)","cli (>= 3.4.1), dplyr (>= 1.0.10), glue, lifecycle (>= 1.0.3),
magrittr, purrr (>= 1.0.1), rlang (>= 1.0.4), stringr (>=
1.5.0), tibble (>= 2.1.1), tidyselect (>= 1.2.0), utils, vctrs
(>= 0.5.2)","cpp11 (>= 0.4.0)","covr, data.table, knitr, readr, repurrrsive (>= 1.1.0),
rmarkdown, testthat (>= 3.0.0)",NA,"MIT + file LICENSE",NA,NA,NA,NA,"yes","4.2.0","CRAN"
"158","tidyselect","/Library/Frameworks/R.framework/Versions/4.2/Resources/library","1.2.0",NA,"R (>= 3.4)","cli (>= 3.3.0), glue (>= 1.3.0), lifecycle (>= 1.0.3), rlang
(>= 1.0.4), vctrs (>= 0.4.1), withr",NA,"covr, crayon, dplyr, knitr, magrittr, rmarkdown, stringr,
testthat (>= 3.1.1), tibble (>= 2.1.3)",NA,"MIT + file LICENSE",NA,NA,NA,NA,"no","4.2.0","CRAN"
"159","tidyverse","/Library/Frameworks/R.framework/Versions/4.2/Resources/library","2.0.0",NA,"R (>= 3.3)","broom (>= 1.0.3), conflicted (>= 1.2.0), cli (>= 3.6.0),
dbplyr (>= 2.3.0), dplyr (>= 1.1.0), dtplyr (>= 1.2.2), forcats
(>= 1.0.0), ggplot2 (>= 3.4.1), googledrive (>= 2.0.0),
googlesheets4 (>= 1.0.1), haven (>= 2.5.1), hms (>= 1.1.2),
httr (>= 1.4.4), jsonlite (>= 1.8.4), lubridate (>= 1.9.2),
magrittr (>= 2.0.3), modelr (>= 0.1.10), pillar (>= 1.8.1),
purrr (>= 1.0.1), ragg (>= 1.2.5), readr (>= 2.1.4), readxl (>=
1.4.2), reprex (>= 2.0.2), rlang (>= 1.0.6), rstudioapi (>=
0.14), rvest (>= 1.0.3), stringr (>= 1.5.0), tibble (>= 3.1.8),
tidyr (>= 1.3.0), xml2 (>= 1.3.3)",NA,"covr (>= 3.6.1), feather (>= 0.3.5), glue (>= 1.6.2), mockr
(>= 0.2.0), knitr (>= 1.41), rmarkdown (>= 2.20), testthat (>=
3.1.6)",NA,"MIT + file LICENSE",NA,NA,NA,NA,"no","4.2.0","CRAN"
"160","timechange","/Library/Frameworks/R.framework/Versions/4.2/Resources/library","0.2.0",NA,"R (>= 3.3)",NA,"cpp11 (>= 0.2.7)","testthat (>= 0.7.1.99), knitr",NA,"GPL-3",NA,NA,NA,NA,"yes","4.2.0","CRAN"
"161","tinytex","/Library/Frameworks/R.framework/Versions/4.2/Resources/library","0.44",NA,NA,"xfun (>= 0.29)",NA,"testit, rstudioapi",NA,"MIT + file LICENSE",NA,NA,NA,NA,"no","4.2.0","CRAN"
"162","tools","/Library/Frameworks/R.framework/Versions/4.2/Resources/library","4.2.2","base",NA,NA,NA,"codetools, methods, xml2, curl, commonmark, knitr, xfun, mathjaxr",NA,"Part of R 4.2.2",NA,NA,NA,NA,"yes","4.2.2","R Core Team"
"163","tzdb","/Library/Frameworks/R.framework/Versions/4.2/Resources/library","0.3.0",NA,"R (>= 3.4.0)",NA,"cpp11 (>= 0.4.2)","covr, testthat (>= 3.0.0)",NA,"MIT + file LICENSE",NA,NA,NA,NA,"yes","4.2.0","CRAN"
"164","utf8","/Library/Frameworks/R.framework/Versions/4.2/Resources/library","1.2.3",NA,"R (>= 2.10)",NA,NA,"cli, covr, knitr, rlang, rmarkdown, testthat (>= 3.0.0),
withr",NA,"Apache License (== 2.0) | file LICENSE",NA,NA,NA,NA,"yes","4.2.0","CRAN"
"165","utils","/Library/Frameworks/R.framework/Versions/4.2/Resources/library","4.2.2","base",NA,NA,NA,"methods, xml2, commonmark, knitr",NA,"Part of R 4.2.2",NA,NA,NA,NA,"yes","4.2.2","R Core Team and contributors worldwide"
"166","uuid","/Library/Frameworks/R.framework/Versions/4.2/Resources/library","1.1-0",NA,"R (>= 2.9.0)",NA,NA,NA,NA,"MIT + file LICENSE",NA,NA,NA,NA,"yes","4.2.0","CRAN"
"167","V8","/Library/Frameworks/R.framework/Versions/4.2/Resources/library","4.2.2",NA,NA,"Rcpp (>= 0.12.12), jsonlite (>= 1.0), curl (>= 1.0), utils","Rcpp","testthat, knitr, rmarkdown",NA,"MIT + file LICENSE",NA,NA,NA,NA,"yes","4.2.0","CRAN"
"168","vctrs","/Library/Frameworks/R.framework/Versions/4.2/Resources/library","0.6.0",NA,"R (>= 3.5.0)","cli (>= 3.4.0), glue, lifecycle (>= 1.0.3), rlang (>= 1.1.0)",NA,"bit64, covr, crayon, dplyr (>= 0.8.5), generics, knitr,
pillar (>= 1.4.4), pkgdown (>= 2.0.1), rmarkdown, testthat (>=
3.0.0), tibble (>= 3.1.3), withr, xml2, waldo (>= 0.2.0),
zeallot",NA,"MIT + file LICENSE",NA,NA,NA,NA,"yes","4.2.2","CRAN"
"169","viridisLite","/Library/Frameworks/R.framework/Versions/4.2/Resources/library","0.4.1",NA,"R (>= 2.10)",NA,NA,"hexbin (>= 1.27.0), ggplot2 (>= 1.0.1), testthat, covr",NA,"MIT + file LICENSE",NA,NA,NA,NA,"no","4.2.0","CRAN"
"170","vroom","/Library/Frameworks/R.framework/Versions/4.2/Resources/library","1.6.1",NA,"R (>= 3.4)","bit64, cli (>= 3.2.0), crayon, glue, hms, lifecycle (>=
1.0.3), methods, rlang (>= 0.4.2), stats, tibble (>= 2.0.0),
tidyselect, tzdb (>= 0.1.1), vctrs (>= 0.2.0), withr","cpp11 (>= 0.2.0), progress (>= 1.2.1), tzdb (>= 0.1.1)","archive, bench (>= 1.1.0), covr, curl, dplyr, forcats, fs,
ggplot2, knitr, patchwork, prettyunits, purrr, rmarkdown,
rstudioapi, scales, spelling, testthat (>= 2.1.0), tidyr,
utils, waldo, xml2",NA,"MIT + file LICENSE",NA,NA,NA,NA,"yes","4.2.0","CRAN"
"171","webshot","/Library/Frameworks/R.framework/Versions/4.2/Resources/library","0.5.4",NA,"R (>= 3.0)","magrittr, jsonlite, callr",NA,"httpuv, knitr, rmarkdown, shiny, testthat (>= 3.0.0)",NA,"GPL-2",NA,NA,NA,NA,"no","4.2.0","CRAN"
"172","withr","/Library/Frameworks/R.framework/Versions/4.2/Resources/library","2.5.0",NA,"R (>= 3.2.0)","graphics, grDevices, stats",NA,"callr, covr, DBI, knitr, lattice, methods, rlang, rmarkdown
(>= 2.12), RSQLite, testthat (>= 3.0.0)",NA,"MIT + file LICENSE",NA,NA,NA,NA,"no","4.2.0","CRAN"
"173","xfun","/Library/Frameworks/R.framework/Versions/4.2/Resources/library","0.37",NA,NA,"stats, tools",NA,"testit, parallel, codetools, rstudioapi, tinytex (>= 0.30),
mime, markdown (>= 1.5), knitr (>= 1.42), htmltools, remotes,
pak, rhub, renv, curl, jsonlite, magick, rmarkdown",NA,"MIT + file LICENSE",NA,NA,NA,NA,"yes","4.2.0","CRAN"
"174","xml2","/Library/Frameworks/R.framework/Versions/4.2/Resources/library","1.3.3",NA,"R (>= 3.1.0)","methods",NA,"covr, curl, httr, knitr, magrittr, mockery, rmarkdown,
testthat (>= 2.1.0)",NA,"MIT + file LICENSE",NA,NA,NA,NA,"yes","4.2.0","CRAN"
"175","xmlparsedata","/Library/Frameworks/R.framework/Versions/4.2/Resources/library","1.0.5",NA,"R (>= 3.0.0)",NA,NA,"covr, testthat, xml2",NA,"MIT + file LICENSE",NA,NA,NA,NA,"no","4.2.0","CRAN"
"176","yaml","/Library/Frameworks/R.framework/Versions/4.2/Resources/library","2.3.7",NA,NA,NA,NA,"RUnit",NA,"BSD_3_clause + file LICENSE",NA,NA,NA,NA,"yes","4.2.0","CRAN"
